Genome Accession	Assembly Name	Contig N50	Total Assembly Length	SRS	Haplotype
GCA_963993115.1	fAbrBra2.1	3478172	1108201685	ERS8946095	Primary
GCA_963993125.1	fAbrBra2.1 alternate haplotype	465033	1090103032	ERS8946095	Alternate
GCA_016880875.1	bAcaChl1.alt	1753226	827793803	SRS18388114	Alternate
GCA_016904835.1	bAcaChl1.pri	16681756	1077368553	SRS18388114	Primary
GCA_904848175.1	fAcaLat1.1 alternate haplotype	195684	47986553	ERS5300396	Alternate
GCA_904848185.1	fAcaLat1.1	14880455	685127588	ERS5300396	Primary
GCA_929443795.2	bAccGen1.2	17712854	1398011397	ERS5921925	Primary
GCA_929443795.1	bAccGen1.1	17712854	1398011397	ERS5921925	Primary
GCA_929447715.1	bAccGen1.1 alternate haplotype	704099	1112029929	ERS5921925	Alternate
GCA_902713425.2	fAciRut3.2 maternal haplotype	8776027	1899794300	ERS4354975	Maternal
GCA_902713435.2	fAciRut3.2 paternal haplotype	8948077	1882648115	ERS4354975	Paternal
GCA_903995435.1	mAcoRus1.1	4450755	2301522284	ERS2580766	Primary
GCA_027559525.1	bAcrTri1.alt	1397630	969356965	SRS18387423	Alternate
GCA_027559615.1	bAcrTri1.pri	7308823	1193400391	SRS18387423	Primary
GCA_039906565.1	bAegAlb1.hap1	9620782	1167479976	SRS22161852	Haplotype 1
GCA_039906465.1	bAegAlb1.hap2	9598869	1051698180	SRS22161852	Haplotype 2
GCA_008658365.1	bAlcTor1 primary	18221265	1178473458	SRS18388510	Primary
GCA_008658355.1	bAlcTor1 alternate	1949609	1220378950	SRS18388510	Alternate
GCA_030867065.1	rAllMis1	43841264	2373280586	SRS22289852	Primary
GCA_030867095.1	rAllMis1	38556409	2346779227	SRS22289852	Primary
GCA_018492685.1	fAloSap1.pri	1565278	903564947	SRS18002895	Primary
GCA_018492705.1	fAloSap1.alt	361041	852425339	SRS18002895	Alternate
GCA_039720435.1	bAmaOch1.hap1	14879228	1361896792	SRS22096546	Haplotype 1
GCA_039720425.1	bAmaOch1.hap2	14697220	1356986306	SRS22096546	Haplotype 2
GCA_010909745.1	sAmbRad1.alt	75113	1462441988	SRS18688465	Alternate
GCA_010909765.2	sAmbRad1.1.pri	1462921	2558784953	SRS18688465	Primary
GCA_036365475.1	fAmiCal2.hap2	20343451	958875937	SRS22091781	Haplotype 2
GCA_036373705.1	fAmiCal2.hap1	17465777	989103751	SRS22091781	Haplotype 1
GCA_949987685.1	fAmmMar1.1	2041615	777819083	ERS12235502	Primary
GCA_950004245.1	fAmmMar1.1 alternate haplotype	540495	756335084	ERS12235502	Alternate
GCA_036010785.1	bAmmMar1.pri	8735889	1397839254	SRS22328527	Primary
GCA_036010685.1	bAmmMar1.alt	1068236	1368496753	SRS22328527	Alternate
GCA_900324465.3	fAnaTes1.3	7055436	555641398	ERS2227381	Primary
GCA_900324465.2	fAnaTes1.2	7055436	555641398	ERS2227381	Primary
GCA_900650485.1	fAnaTes1.2 alternate haplotype	1056890	539091056	ERS2227381	Alternate
GCA_014839685.1	fAnaAna1.pri	17460000	867616482	SRS18670860	Primary
GCA_014839705.1	fAnaAna1.alt	112127	445542990	SRS18670860	Alternate
GCA_963932015.1	bAnaAcu1.1	3416933	1189296988	ERS14578085	Primary
GCA_963932075.1	bAnaAcu1.1 alternate haplotype	1313441	1057303051	ERS14578085	Alternate
GCA_964188335.1	bAnaPla2.hap2.1	3674340	1136573142	ERS15393982	Haplotype 2
GCA_964188345.1	bAnaPla2.hap1.1	3518761	1300232380	ERS15393982	Haplotype 1
GCA_013347855.1	fAngAng1.pri	5114673	979029243	SRS18671806	Primary
GCA_013347865.1	fAngAng1.alt	723285	965248483	SRS18671806	Alternate
GCA_037176765.1	rAnoSag1.mat	43146625	1950830970	SRS22178101	Maternal
GCA_037176775.1	rAnoSag1.pat	40158202	1727284250	SRS22178101	Paternal
GCA_964211835.1	bAnsAns1.hap1.1	2674135	1313438308	ERS15394003	Haplotype 1
GCA_964211785.1	bAnsAns1.hap2.1	2662746	1168290161	ERS15394003	Haplotype 2
GCA_964034855.1	bAnsBra1.1	2049950	1287320976	ERS14578089	Primary
GCA_964034845.1	bAnsBra1.1 alternate haplotype	775240	1147454305	ERS14578089	Alternate
GCA_017639675.1	fAplTae1.pri	956540	461946147	SRS18688462	Primary
GCA_017639685.1	fAplTae1.alt	156481	560414924	SRS18688462	Alternate
GCA_947179515.1	mApoSyl1.1	4449850	2889785202	ERS5458535	Primary
GCA_947179525.1	mApoSyl1.1 alternate haplotype	424995	2392986241	ERS5458535	Alternate
GCA_036417845.1	bAptMan1.hap1	19797665	1504396159	SRS22136747	Haplotype 1
GCA_036417975.1	bAptMan1.hap2	15312369	1593539360	SRS22136747	Haplotype 2
GCA_020740585.1	bApuApu2.alt.cur	2357147	1019504970	SRS18391197	Alternate
GCA_020740795.1	bApuApu2.pri.cur	25561769	1100361224	SRS18391197	Primary
GCA_900496995.4	bAquChr1.4	21924221	1233704830	ERS2760315	Primary
GCA_902153765.2	bAquChr1.4 alternate haplotype	630655	792810001	ERS2760315	Alternate
GCA_951799395.1	fArgSil1.1	858168	670749299	ERS12235503	Primary
GCA_951799415.1	fArgSil1.1 alternate haplotype	265682	550403860	ERS12235503	Alternate
GCA_038363225.1	mArtInt1.hap2	74638333	2080478059	SRS21073965	Haplotype 2
GCA_038363145.1	mArtInt1.hap1	60026580	2293600955	SRS21073965	Haplotype 1
GCA_038363175.2	mArtLit1.hap2	60386740	2096453601	SRS21074085	Haplotype 2
GCA_038363095.2	mArtLit.hap1	65515378	2311600757	SRS21074085	Haplotype 1
GCA_011750645.1	mArvNil1.mat	8920743	2486141644	SRS18698935	Maternal
GCA_011762505.1	mArvNil1.pat.X	11143170	2496761438	SRS18698935	Paternal with X
GCA_011762545.1	mArvNil1.pat	11143170	2517706780	SRS18698935	Paternal
GCA_903992525.1	mArvAmp1.1 alternate haplotype	147871	1764008884	ERS3189059	Alternate
GCA_903992535.2	mArvAmp1.2	5392280	2297766297	ERS3189059	Primary
GCA_040206685.1	aAscTru1.hap1	981472	3722616900	SRS22326089	Haplotype 1
GCA_040206675.1	aAscTru1.hap2	971055	3660446095	SRS22326089	Haplotype 2
GCA_900246225.5	fAstCal1.3	4438245	880428986	ERS1794329	Primary
GCA_902459445.1	eAstRub1.2 alternate haplotype	161267	390768305	ERS3567199	Alternate
GCA_902459465.3	eAstRub1.3	1383654	417601740	ERS3567199	Primary
GCA_964211795.1	bAytFer1.hap2.1	4452486	1103588439	ERS14578083	Haplotype 2
GCA_964211825.1	bAytFer1.hap1.1	4150808	1252302973	ERS14578083	Haplotype 1
GCA_009819795.1	bAytFul2.pri	17816505	1126988109	SRS10850813	Primary
GCA_009819845.1	bAytFul2.alt	4453028	1013629683	SRS10850813	Alternate
GCA_949987535.1	mBalAcu1.1	3015723	2772885358	ERS13477520	Primary
GCA_950005055.1	mBalAcu1.1 alternate haplotype	228078	2590401380	ERS13477520	Alternate
GCA_008658375.2	mBalMus1.alt.v2	275582	1835388607	SRS6014674	Alternate
GCA_009873245.3	mBalMus1.pri.v3	6315640	2374852541	SRS6014674	Primary
GCA_028017805.1	mBalRic1.hap1	36002000	2844045133	SRS18782498	Haplotype 1
GCA_028023285.1	mBalRic1.hap2	36541936	2678442663	SRS18782498	Haplotype 2
GCA_011004865.1	bBalReg1.alt	2534691	1042364165	SRS18391120	Alternate
GCA_011004875.1	bBalReg1.pri	23326060	1221032548	SRS18391120	Primary
GCA_947034865.1	fBarBar1.1	2654543	617646710	ERS8946099	Primary
GCA_947034905.1	fBarBar1.1 alternate haplotype	606763	571749702	ERS8946099	Alternate
GCA_936440315.1	fBarBab1.1	22843665	1584913304	ERS10938445	Primary
GCA_936446605.1	fBarBab1.1 alternate haplotype	375494	1319370800	ERS10938445	Alternate
GCA_900634795.4	fBetSpl5.4	2574972	426984265	ERS3147220	Primary
GCA_900651605.2	fBetSpl5.4 alternate haplotype	302508	441035931	ERS3147220	Alternate
GCA_963422515.1	fBleOce1.1	1116256	728728756	ERS14789746	Primary
GCA_963422475.1	fBleOce1.1 alternate haplotype	231343	675648630	ERS14789746	Alternate
GCA_964205295.1	aBomVar4.maternal.1	1741680	9369772323	ERS14649112	Maternal
GCA_964205305.1	aBomVar4.paternal.1	1677552	9112230460	ERS14649112	Paternal
GCA_949987555.1	fBorAnt1.1	959230	909231230	ERS6428385	Primary
GCA_949987545.1	fBorAnt1.1 alternate haplotype	404732	788134964	ERS6428385	Alternate
GCA_003369685.2	UOA_Angus_1	37061043	2580764822	SRS2928486	Primary
GCA_003369695.2	UOA_Brahman_1	26764281	2680953056	SRS2928486	Alternate
GCA_964187965.1	klBraLanc2.hap1.1	3232360	468402880	ERS13672032	Haplotype 1
GCA_964188055.1	klBraLanc2.hap2.1	3631927	465808481	ERS13672032	Haplotype 2
GCA_964059595.1	bBucCla1.1	4272793	1190922165	ERS14578172	Primary
GCA_964059605.1	bBucCla1.1 alternate haplotype	1493867	965992559	ERS14578172	Alternate
GCA_009769605.1	bBucAby1.pri	12039478	1132597561	SRS20361216	Primary
GCA_009769595.1	bBucAby1.alt	954952	1024138499	SRS20361216	Alternate
GCA_905171715.1	aBufBuf1.1 alternate haplotype	241528	3744894388	ERS5278115	Alternate
GCA_905171765.1	aBufBuf1.1	3959750	5044744194	ERS5278115	Primary
GCA_964188355.1	bButBut1.hap1.1	4249591	1303682556	ERS16769143	Haplotype 1
GCA_964188375.1	bButBut1.hap2.1	4094128	1330554072	ERS16769143	Haplotype 2
GCA_011078405.1	mCalJac1.mat	8609028	2811151840	SRS18699572	Maternal
GCA_011100535.2	mCalJac1.2.pat	14602993	2727469741	SRS18699572	Paternal
GCA_011100555.2	mCalJa1.2.pat.X	13222669	2874864526	SRS18699572	Paternal
GCA_036010745.1	bCalNic1.hap2	24693610	1197404482	SRS20912660	Haplotype 2
GCA_036013445.1	bCalNic1.hap1	25101800	1285834579	SRS20912660	Haplotype 1
GCA_964196065.2	bCalBor7.hap2.2	4109000	1211470109	ERS16283450	Haplotype 2
GCA_964195595.2	bCalBor7.hap1.2	4142416	1366185058	ERS16283450	Haplotype 1
GCA_003957555.2	bCalAnn1_v1.p	14522327	1059687259	SRS464260	Primary
GCA_003957575.1	bCalAnn1_v1.h	1463522	952083371	SRS464260	Primary
GCA_036321535.1	mCamDro1.pat	31216184	2306603094	SRS22165637	Paternal
GCA_036321565.1	mCamDro1.hap2	28900355	2086495379	SRS22165637	Haplotype 2
GCA_035125265.1	rCanAsp1.hap1	49525232	1529331567	SRS22397789	Haplotype 1
GCA_035149785.1	rCanAsp1.hap2	55640180	1530810380	SRS22397789	Haplotype 2
GCA_905319845.1	mCanLor1.1 alternate haplotype	719346	1446594657	ERS5289203	Alternate
GCA_905319855.2	mCanLor1.2	34375412	2447447219	ERS5289203	Primary
GCA_907165065.1	bCapEur3.1	30622946	1177791212	ERS5280870	Primary
GCA_907165095.1	bCapEur3.1 alternate haplotype	763177	1051868380	ERS5280870	Alternate
GCA_963082795.1	fCarCar2.1 alternate haplotype	58044	209623727	ERS8946093	Alternate
GCA_963082965.1	fCarCar2.1	3822391	1684296438	ERS8946093	Primary
GCA_017639455.1	sCarCar2.alt	838957	6205005	SRS18703886	Alternate
GCA_017639515.1	sCarCar2.pri	6544962	4286294447	SRS18703886	Primary
GCA_009819485.1	bCarCri1.alt	1876668	930239327	SRS20361217	Alternate
GCA_009819825.1	bCarCri1.pri	13514148	1215224075	SRS20361217	Primary
GCA_009819505.2	bCatUst1.alt.v2	1498444	1128658440	SRS18688503	Alternate
GCA_009819885.2	bCatUst1.pri.v2	4908935	1131616530	SRS18688503	Primary
GCA_910593805.1	mCerEla1.1 alternate haplotype	2236403	2903978491	ERS5279997	Alternate
GCA_910594005.1	mCerEla1.1	68741660	2886603524	ERS5279997	Primary
GCA_964194155.1	sCetMax3.hap1.1	1961965	3993849873	ERS15896839	Haplotype 1
GCA_964194165.1	sCetMax3.hap2.1	2087228	3817333378	ERS15896839	Haplotype 2
GCA_039877785.1	fChaTrf1.hap1	21327470	662489023	SRS22095216	Haplotype 1
GCA_039877575.1	fChaTrf1.hap2	18002130	664933391	SRS22095216	Haplotype 2
GCA_902362175.1	fChaCha1.1 alternate haplotype	508005	637484823	ERS3799934	Alternate
GCA_902362185.1	fChaCha1.1	23134051	656912816	ERS3799934	Primary
GCA_963514085.1	fCheLab1.1	2544200	717403240	ERS13671883	Primary
GCA_963514105.1	fCheLab1.1 alternate haplotype	943309	698748450	ERS13671883	Alternate
GCA_015220195.2	rCheMyd1.alt.v2	454332	1896142417	SRS18701202	Alternate
GCA_015237465.2	rCheMyd1.pri.v2	39415510	2134358617	SRS18701202	Primary
GCA_950005115.1	mChiNiv1.1 alternate haplotype	1147694	2022897225	ERS10820738	Alternate
GCA_950005125.1	mChiNiv1.1	30960136	2393390621	ERS10820738	Primary
GCA_009829145.1	bChiLan1.pri	18496167	1089631598	SRS18391974	Primary
GCA_009829205.1	bChiLan1.alt	1085679	1054616617	SRS18391974	Alternate
GCA_036417535.1	bChlMac1.mat	25335467	1273916401	SRS22136710	Maternal
GCA_036418225.1	bChlMac1.pat	29084237	1106587813	SRS22136710	Paternal
GCA_015220235.1	mChoDid1.pri	20994632	3214686105	SRS18698972	Primary
GCA_015220265.1	mChoDid1.alt	512739	3180649806	SRS18698972	Alternate
GCA_963924245.1	bChrRid1.1	4003687	1417554307	ERS14578087	Primary
GCA_963924255.1	bChrRid1.1 alternate haplotype	1745487	1350722057	ERS14578087	Alternate
GCA_017639555.1	bCicMag1.pri	23757428	1239415939	SRS18392123	Primary
GCA_017639665.1	bCicMag1.alt	345889	967599765	SRS18392123	Alternate
GCA_963662255.1	bCinCin1.1	3563180	1170837027	ERS7404248	Primary
GCA_963662415.1	bCinCin1.1 alternate haplotype	431284	1055621819	ERS7404248	Alternate
GCA_963989345.1	bClaHye2.1	3738964	1206087415	ERS14578084	Primary
GCA_963989315.1	bClaHye2.1 alternate haplotype	1599958	854027955	ERS14578084	Alternate
GCA_028858625.2	bColStr4.1.hap2	21724867	1153503718	SRS18782496	Haplotype 2
GCA_028858725.2	bColStr4.1.hap1	21931325	1212464869	SRS18782496	Haplotype 1
GCA_036010775.2	bColLiv1.mat.v2	17433930	1181506259	SRS22258962	Maternal
GCA_036013475.2	bColLiv1.pat.W.v2	14042120	1325566026	SRS22258962	Paternal
GCA_963514075.1	fConCon1.1	3090688	1136402888	ERS9816414	Primary
GCA_963514125.1	fConCon1.1 alternate haplotype	880281	1078186129	ERS9816414	Alternate
GCA_964263955.1	fCorLav1.hap1.1	476628	2842845857	ERS13638642	Haplotype 1
GCA_964263835.1	fCorLav1.hap2.1	662137	2352365286	ERS13638642	Haplotype 2
GCA_963082875.1	kaCorEumy4.1	5034709	129309972	ERS5292925	Primary
GCA_963082865.1	kaCorEumy4.1 alternate haplotype	176530	2977316	ERS5292925	Alternate
GCA_020740675.1	bCorHaw1.alt.cur	584432	628844469	SRS18690682	Alternate
GCA_020740725.1	bCorHaw1.pri.cur	23064755	1151594481	SRS18690682	Primary
GCA_009650955.1	bCorMon1.pri	11524098	1112734094	SRS18688724	Primary
GCA_009651025.1	bCorMon1.alt	2563033	905198257	SRS18688724	Alternate
GCA_900634415.1	fCotGob3.1	6330900	609391784	ERS2227473	Primary
GCA_900634435.1	fCotGob3.1 alternate haplotype	107516	671265480	ERS2227473	Alternate
GCA_017976305.1	bCucCan1.alt	3661986	1063845602	SRS18688442	Alternate
GCA_017976375.1	bCucCan1.pri	20797936	1180136575	SRS18688442	Primary
GCA_009769515.1	fCycLum1.alt	599283	480967379	SRS18387422	Alternate
GCA_009769545.1	fCycLum1.pri	4950682	572885595	SRS18387422	Primary
GCA_963457625.1	fCycLum2.1	1530980	586279509	ERS14789913	Primary
GCA_963457675.1	fCycLum2.1 alternate haplotype	269587	570055135	ERS14789913	Alternate
GCA_030412105.1	rCycPin1.hap1	112814430	1983614781	SRS22256921	Haplotype 1
GCA_030412085.1	rCycPin1.hap2	123360854	1955392031	SRS22256921	Haplotype 2
GCA_009769485.2	bCygOlo1.alt.v2	327091	814594871	SRS18685773	Alternate
GCA_009769625.2	bCygOlo1.pri.v2	8308965	1134169903	SRS18685773	Primary
GCA_027409165.1	mCynVol1.alt	4372305	2453279509	SRS18782495	Alternate
GCA_027409185.1	mCynVol1.pri	69195939	2814418120	SRS18782495	Primary
GCA_038021265.1	fCypVen1.hap1	1527672	918162819	SRS22097845	Haplotype 1
GCA_038024135.1	fCypVen1.hap2	1550857	928701130	SRS22097845	Haplotype 2
GCA_903684855.2	fDreTuH1.2	3603372	1360489499	ERS4820593	Primary
GCA_903684865.1	fDreABH1.1	4531818	1354075779	ERS4820592	Primary
GCA_944039255.1	fDanRer4.1 alternate haplotype	491277	458104506	ERS11691402	Alternate
GCA_944039275.1	fDanRer4.1	6927137	1413659274	ERS11691402	Primary
GCA_949987515.2	mDelDel1.2	3627551	2663516986	ERS13477514	Primary
GCA_949987525.2	mDelDel1.2 alternate haplotype	819073	2440532866	ERS13477514	Alternate
GCA_027789725.1	aDenEbr1.mat	10560916	2352801895	SRS18387290	Maternal
GCA_027789765.1	aDenEbr1.pat	8808153	2214937069	SRS18387290	Paternal
GCA_900700375.2	fDenClu1.2	3059612	567401054	ERS3203796	Primary
GCA_900700345.2	fDenClu1.1 alternate haplotype	384267	457704509	ERS3203796	Alternate
GCA_900700375.1	fDenClu1.1	3059612	567401054	ERS3203796	Primary
GCA_009762595.2	rDerCor1.alt.v2	246490	1444786651	SRS18700101	Alternate
GCA_009764565.4	rDerCor1.pri.v4	7029801	2164762090	SRS18700101	Primary
GCA_020826835.1	mDicBic1.pat.decon	27234015	3044793931	SRS18702625	Paternal
GCA_020826845.1	mDicBic1.mat.cur	28468213	3005519209	SRS18702625	Maternal
GCA_027410445.1	aDisPic1.pri	3043591	3872581802	SRS18703581	Primary
GCA_027410455.1	aDisPic1.alt	1064390	1937156624	SRS18703581	Alternate
GCA_036370855.1	bDroNov1.hap1	24239989	1468706110	SRS22162650	Haplotype 1
GCA_036417515.1	bDroNov1.hap2	21059541	1359162908	SRS22162650	Haplotype 2
GCA_019393635.1	mDroGli1.pri	38230856	3303199800	SRS18698984	Primary
GCA_019395325.1	mDroGli1.alt	490192	2818512018	SRS18698984	Alternate
GCA_014839825.1	bDryPub1.alt	2189221	1082594729	SRS18387424	Alternate
GCA_014839835.1	bDryPub1.pri	19150283	1187939694	SRS18387424	Primary
GCA_900963305.2	fEcheNa1.2	12371513	544212633	ERS3513902	Primary
GCA_900963305.1	fEcheNa1.1	12371513	544212633	ERS3513902	Primary
GCA_900963505.1	fEcheNa1.1 alternate haplotype	889301	528272450	ERS3513902	Alternate
GCA_963691815.1	fEchVip8.1	2579157	800381326	ERS14766508	Primary
GCA_963691805.1	fEchVip8.1 alternate haplotype	623936	738382560	ERS14766508	Alternate
GCA_951216825.1	fEleAnt2.1	1002537	1427425719	ERS6428380	Primary
GCA_951214905.1	fEleAnt2.1 alternate haplotype	245514	1301265211	ERS6428380	Alternate
GCA_024166345.1	mEleMax1 alternate haplotype	1512750	2952809375	SRS18690681	Alternate
GCA_024166365.1	mEleMax1 primary haplotype	87987108	3401247148	SRS18690681	Primary
GCA_035609135.1	aEleCoq1.hap2	10012006	3362534901	SRS22449081	Haplotype 2
GCA_035609145.1	aEleCoq1.hap1	10388966	3371297528	SRS22449081	Haplotype 1
GCA_023053635.2	rElgMul1.1.pri	85762895	1790500004	SRS12977579	Primary
GCA_023053675.2	rElgMul1.1.alt	76551155	1810359265	SRS12977579	Alternate
GCA_028017835.1	rEmyOrb1.hap1	91255289	2309740635	SRS18701668	Haplotype 1
GCA_028017845.1	rEmyOrb1.hap2	54020573	2327425914	SRS18701668	Haplotype 2
GCA_040894005.1	aEngPut4.maternal	21805561	2158203323	SRS22286734	Maternal
GCA_040894015.1	aEngPut4.paternal	14365456	2081032022	SRS22286734	Paternal
GCA_951640355.1	mEptNil1.1	2474537	2064102006	ERS11701277	Primary
GCA_951640545.1	mEptNil1.1 alternate haplotype	846662	1900360802	ERS11701277	Alternate
GCA_036418255.1	mEquCab1.mat	37695881	2331848197	SRS22136854	Maternal
GCA_036426135.1	mEquCab1.pat	43557573	2596720901	SRS22136854	Paternal
GCA_028451465.1	mEreDor1.pri	19239546	2432130964	SRS18700170	Primary
GCA_028500835.1	mEreDor1.alt	628667	1937137571	SRS18700170	Alternate
GCA_950295305.1	mEriEur2.1 alternate haplotype	116706	1850742846	ERS10810191	Alternate
GCA_950295315.1	mEriEur2.1	999919	2720683831	ERS10810191	Primary
GCA_903797595.2	bEriRub2.2	5585877	1086738418	ERS3567209	Primary
GCA_903797565.2	bEriRub2.2 alternate haplotype	602370	912720829	ERS3567209	Alternate
GCA_900700845.3	fErpCal1.3 alternate haplotype	262352	3014944822	ERS2227384	Alternate
GCA_900747795.4	fErpCal1.3	6772339	3613534470	ERS2227384	Primary
GCA_031021105.1	rEryReg1.hap1	3064756	1964049041	SRS22726405	Haplotype 1
GCA_031001685.1	rEryReg1.hap3	1499913	2090234102	SRS22726405	Primary
GCA_031021085.1	rEryReg1.hap2	4297867	2038227610	SRS22726405	Haplotype 2
GCA_028021215.1	mEscRob2.pri	39209000	2982418581	SRS22255942	Primary
GCA_028021475.1	mEscRob2.alt	536049	2787390652	SRS22255942	Alternate
GCA_011004835.1	fEsoLuc1.alt	243531	622571242	SRS18688464	Alternate
GCA_011004845.1	fEsoLuc1.pri	22630263	918731919	SRS18688464	Primary
GCA_028564815.2	mEubGla1.1.hap2.+ XY	37467374	2843675187	SRS18782497	Haplotype 2
GCA_028571275.2	mEubGla1.1.hap1	34529248	2603848905	SRS18782497	Haplotype 1
GCA_963514095.1	fEutGur1.1	2351664	680467048	ERS13672015	Primary
GCA_963514115.1	fEutGur1.1 alternate haplotype	610328	662358898	ERS13672015	Alternate
GCA_039878825.1	bCotChi1.hap2	7816141	966847183	SRS22165628	Haplotype 2
GCA_039878515.1	bCotChi1.hap1	6812677	974500481	SRS22165628	Haplotype 1
GCA_023634305.1	bFalBia1.alt	1820461	1202443328	SRS18691430	Alternate
GCA_023638135.1	bFalBia1.pri	24892811	1285492283	SRS18691430	Primary
GCA_023634085.1	bFalChe1.pri	21245687	1309366964	SRS18691297	Primary
GCA_023634115.1	bFalChe1.alt	1037791	1210282093	SRS18691297	Alternate
GCA_017639645.1	bFalNau1.mat	13983350	1156765323	SRS18688459	Maternal
GCA_017639655.1	bFalNau1.pat	13754753	1215702009	SRS18688459	Paternal
GCA_963210335.1	bFalPun1.1	4755657	1279260504	ERS11950088	Primary
GCA_963210275.1	bFalPun1.1 alternate haplotype	316832	390584314	ERS11950088	Alternate
GCA_015220075.1	bFalRus1.pri	15323486	1195829278	SRS18689089	Primary
GCA_015220155.1	bFalRus1.alt	76252	516243243	SRS18689089	Alternate
GCA_963513975.1	bFriCoe1.1	3733973	1209226962	ERS7092822	Primary
GCA_963513985.1	bFriCoe1.1 alternate haplotype	1659618	1168325350	ERS7092822	Alternate
GCA_037039145.1	fFunDia1.hap1	11036555	1351812078	SRS22136032	Haplotype 1
GCA_037038625.1	fFunDia1.hap2	8236268	1329922595	SRS22136032	Haplotype 2
GCA_902167395.1	gadMor3.0 alternate haplotype	278226	584119146	ERS3734118	Alternate
GCA_902167405.1	gadMor3.0	1015663	669949713	ERS3734118	Primary
GCA_964237585.1	bGalChl1.hap1.1	3673000	1282394494	ERS15394107	Haplotype 1
GCA_964237395.1	bGalChl1.hap2.1	4021985	1208559276	ERS15394107	Haplotype 2
GCA_016699485.1	bGalGal1.mat.broiler.GRCg7b	18834961	1053315467	SRS22402101	Maternal
GCA_016700215.2	bGalGal1.pat.whiteleghornlayer.GRCg7w_WZ	17744542	1050511239	SRS22402101	Paternal
GCA_027408205.1	bGalGal5.alt	998891	911865540	SRS18673187	Alternate
GCA_027408225.1	bGalGal5.pri	8326736	1109044877	SRS18673187	Primary
GCA_027408255.1	bGalGal4.alt	771098	885772923	SRS18691296	Alternate
GCA_027557775.1	bGalGal4.pri	5465831	1094281734	SRS18691296	Primary
GCA_030936125.1	bGavSte3.hap1	12016335	1403461371	SRS22289212	Haplotype 1
GCA_030936135.1	bGavSte3.hap2	13765203	1321270170	SRS22289212	Haplotype 2
GCA_902459505.2	aGeoSer1.2	20656571	3779413726	ERS3647988	Primary
GCA_902459495.1	aGeoSer1.1 alternate haplotype	564027	3271590920	ERS3647988	Alternate
GCA_902459505.1	aGeoSer1.1	20656571	3779413726	ERS3647988	Primary
GCA_963455315.2	mGloMel1.2	3290841	2651276051	ERS13477518	Primary
GCA_963455315.1	mGloMel1.1	3290841	2651276051	ERS13477518	Primary
GCA_963455345.2	mGloMel1.2 alternate haplotype	137938	2042593655	ERS13477518	Alternate
GCA_039655065.1	mGloMut1.hap1	77027013	2159891327	SRS21325765	Haplotype 1
GCA_039656995.1	mGloMut1.hap2	72101253	2156622230	SRS21325765	Haplotype 2
GCA_949357685.1	fGobGob1.1	2576923	1460662624	ERS8946097	Primary
GCA_949357705.1	fGobGob1.1 alternate haplotype	401248	1349092698	ERS8946097	Alternate
GCA_951799975.1	fGobNig1.1	3365000	870555617	ERS11454671	Primary
GCA_951799965.1	fGobNig1.1 alternate haplotype	584669	838316121	ERS11454671	Alternate
GCA_007399395.1	rGopEvg1_v1.alt	655454	1961129424	SRS917918	Alternate
GCA_007399415.1	rGopEvg1_v1.p	13026736	2298547364	SRS917918	Primary
GCA_025201925.1	rGopFla2.mat.asm	6917139	2460542086	SRS18703246	Maternal
GCA_025201965.1	rGopFla2.pat.asm	6498827	2584697711	SRS18703246	Paternal
GCA_900634775.2	fGouWil2.2	1838341	937150793	ERS2227386	Primary
GCA_900634775.1	fGouWil2.1	1838341	937150793	ERS2227386	Primary
GCA_900650505.1	fGouWil2.1 alternate haplotype	173852	759272921	ERS2227386	Alternate
GCA_028858595.1	bGruAme1.pat	7082157	1200805165	SRS18688455	Paternal
GCA_028858705.1	bGruAme1.mat	28324902	1257821324	SRS18688455	Maternal
GCA_964106855.1	bGruGru1.hap1.1	3365458	1352263658	ERS15393986	Haplotype 1
GCA_964059345.1	bGruGru1.hap2.1	3591816	1291076428	ERS15393986	Haplotype 2
GCA_963280865.1	fGymBra2.1	901999	1367966668	ERS10422451	Primary
GCA_963281105.1	fGymBra2.1 alternate haplotype	223926	1279160753	ERS10422451	Alternate
GCA_963454915.1	fGymMic1.1	1741000	1318637544	ERS10422392	Primary
GCA_963454925.1	fGymMic1.1 alternate haplotype	369909	1278893940	ERS10422392	Alternate
GCA_027406555.1	bHaeMex1.alt	4481475	1039351984	SRS18617237	Alternate
GCA_027477595.1	bHaeMex1.pri	16787335	1148216196	SRS18617237	Primary
GCA_947461875.1	bHalAlb1.1	4576000	1320298205	ERS10464173	Primary
GCA_947461935.1	bHalAlb1.1 alternate haplotype	309788	693161704	ERS10464173	Alternate
GCA_026419915.1	bHarHar1 primary haplotype	16799191	1351447071	SRS18688466	Primary
GCA_026419925.1	bHarHar1	730899	1185324778	SRS18688466	Primary
GCA_036169615.1	bHelExo1.hap1	8413062	1049650714	SRS22403591	Haplotype 1
GCA_036172335.1	bHelExo1.hap2	9824073	969853240	SRS22403591	Haplotype 2
GCA_020745705.1	bHemCom1.pri.cur	20531774	1164793941	SRS18687178	Primary
GCA_020745695.1	bHemCom1.alt.cur	1772167	1052608110	SRS18687178	Alternate
GCA_020745735.1	sHemOce1.pat.X.cur.	8845575	3983466396	SRS18706220	Paternal
GCA_020745765.1	sHemOce1.mat.decon	7868162	4149461884	SRS18706220	Maternal
GCA_035084135.2	sHepPer1.hap2	5515303	3087787698	SRS20951933	Haplotype 2
GCA_035084215.1	sHepPer1.hap1	4905566	3249915908	SRS20951933	Haplotype 1
GCA_036365495.1	sHetFra1.hap2	3485302	5196885747	SRS21326203	Haplotype 2
GCA_036365525.1	sHetFra1.hap1	3418954	6013048672	SRS21326203	Haplotype 1
GCA_028571685.1	mHetBru1.pri	78495281	3488059404	SRS18708107	Primary
GCA_028571665.1	mHetBru1.alt	2407262	3021267164	SRS18708107	Alternate
GCA_009819705.1	fHipHip1.pri	7020318	596775069	SRS18698473	Primary
GCA_009819745.1	fHipHip1.alt	826995	676690381	SRS18698473	Alternate
GCA_030028035.1	mHipAmp2.hap1	46144666	2533318371	SRS22175712	Haplotype 1
GCA_030028045.1	mHipAmp2.hap2	50348260	2538242855	SRS22175712	Haplotype 2
GCA_015227805.3	bHirRus1.pri.v3	2794774	1105955550	SRS8103732	Primary
GCA_015227815.3	bHirRus1.alt.v3	992690	936032861	SRS8103732	Alternate
GCA_016695395.2	mHomSap3.mat	12076592	2902197670	SRS18706044	Maternal
GCA_016700455.2	mHomSap3.pat	13671004	2744463177	SRS18706044	Paternal
GCA_029633855.2	fHopMal1.hap1	3626585	1186354877	SRS22398861	Haplotype 1
GCA_029633875.1	fHopMal1.hap2	4239583	1117251445	SRS22398861	Haplotype 2
GCA_035084275.1	sHydCol1.hap2	1059761	1003172678	SRS22403596	Haplotype 2
GCA_035084065.1	sHydCol1.hap1	1033090	1097847766	SRS22403596	Haplotype 1
GCA_030144785.1	sHypSab1.hap2	4909400	3635158545	SRS19335842	Haplotype 2
GCA_030144855.1	sHypSab1.hap1	4266932	4044869043	SRS19335842	Haplotype 1
GCA_040937895.1	aHypRig1.alt	1705915	9708340052	SRS22255629	Alternate
GCA_040937935.1	aHypRig1.pri	2674826	4915935452	SRS22255629	Primary
GCA_949752795.1	mHypAmp2.1	3126546	2828744367	ERS8490356	Primary
GCA_949752845.1	mHypAmp2.1 alternate haplotype	201888	2477781444	ERS8490356	Alternate
GCA_949357725.1	fHypImm3.1	1486508	797787753	ERS11454938	Primary
GCA_949358355.1	fHypImm3.1 alternate haplotype	427399	763769615	ERS11454938	Alternate
GCA_036417435.1	mIniGeo1.hap1	40892022	2749345781	SRS22396567	Haplotype 1
GCA_036417475.1	mIniGeo1.hap2	41942625	2540437634	SRS22396567	Haplotype 2
GCA_020740685.1	mJacJac1.mat.Y.cur	22104564	2863848715	SRS18705814	Maternal
GCA_020740715.1	mJacJac1.pat.decon	6605917	2595216862	SRS18705814	Paternal
GCA_963930695.1	fLabBer1.1	2715806	720210020	ERS13672014	Primary
GCA_963930765.1	fLabBer1.1 alternate haplotype	654451	695444047	ERS13672014	Alternate
GCA_963583885.1	fLabMix1.1 alternate haplotype	756142	700699022	ERS13672011	Alternate
GCA_963584025.1	fLabMix1.1	2678957	740563171	ERS13672011	Primary
GCA_009819535.1	rLacAgi1.pri	6613248	1391387079	SRS18706055	Primary
GCA_009819545.1	rLacAgi1.alt	365044	1429379209	SRS18706055	Alternate
GCA_964270905.1	mLagAcu1.hap1.1	3493168	2676193030	ERS16474791	Haplotype 1
GCA_964270935.1	mLagAcu1.hap2.1	3587343	2422718875	ERS16474791	Haplotype 2
GCA_949774935.1	mLagAlb1.1 alternate haplotype	119855	2036276931	ERS13477517	Alternate
GCA_949774975.1	mLagAlb1.1	3398034	2544819402	ERS13477517	Primary
GCA_023343835.1	bLagMut1 primary	17905263	1026755127	SRS12953177	Primary
GCA_023344045.1	bLagMut1 alternate	619110	923340374	SRS12953177	Alternate
GCA_964198595.1	kcLamFluv1.1	1289502	1042458987	ERS13638645	Primary
GCA_964198585.1	kcLamFluv1.1 alternate haplotype	460300	939632249	ERS13638645	Alternate
GCA_963932225.1	bLarFus1.1	3570916	1324269790	ERS14578088	Primary
GCA_963932325.1	bLarFus1.1 alternate haplotype	727947	1347999738	ERS14578088	Alternate
GCA_964199755.1	bLarMic1.1	4216312	1405564706	ERS16192013	Primary
GCA_964199725.1	bLarMic1.1 alternate haplotype	943881	1288358057	ERS16192013	Alternate
GCA_037157495.1	bLatDis1.hap1	19972387	1241003407	SRS22167509	Haplotype 1
GCA_037157625.1	bLatDis1.hap2	25138706	1123412812	SRS22167509	Haplotype 2
GCA_037176945.1	fLatCha1.pri	42076942	2947609019	SRS22162627	Primary
GCA_037215105.1	fLatCha1.alt	39698	1353940091	SRS22162627	Alternate
GCA_020740595.1	mLemCat1.alt	35377149	2266570666	SRS18707945	Alternate
GCA_020740605.1	mLemCat1.pri	32529614	2245584463	SRS18707945	Primary
GCA_040954835.1	fLepOcu1.hap2	20019514	1200589847	SRS22034062	Haplotype 2
GCA_040954845.1	fLepOcu1.hap1	16908595	1110649520	SRS22034062	Haplotype 1
GCA_031893025.1	aLepFus1.hap1	5565655	2307711212	SRS22269748	Haplotype 1
GCA_031893055.1	aLepFus1.hap2	5334240	2197979350	SRS22269748	Haplotype 2
GCA_034619455.1	bLepDis1.hap1	8029456	1327905210	SRS22449080	Haplotype 1
GCA_034619465.1	bLepDis1.hap2	8826436	1332028070	SRS22449080	Haplotype 2
GCA_030867105.1	rLiaOli1.hap1	65226870	1486119866	SRS22448716	Haplotype 1
GCA_030867085.1	rLiaOli1.hap2	74672673	1478263624	SRS22448716	Haplotype 2
GCA_963576525.1	fLimLim1.1 alternate haplotype	833236	668994872	ERS14766519	Alternate
GCA_963576545.1	fLimLim1.1	3420448	717580706	ERS14766519	Primary
GCA_963383615.1	fLipPho2.1	3299550	768226363	ERS5279322	Primary
GCA_963383635.1	fLipPho2.1 alternate haplotype	453920	738669690	ERS5279322	Alternate
GCA_964258895.1	aLisHel1.1 alternate haplotype	514085	20161647536	ERS12338482	Alternate
GCA_964261385.1	aLisVul1.1 alternate haplotype	591068	20825862529	ERS12338483	Alternate
GCA_030014295.1	mLoxAfr1.hap2	82653632	3540876381	SRS22448717	Haplotype 2
GCA_030020305.1	mLoxAfr1.hap1	75907863	3575747632	SRS22448717	Haplotype 1
GCA_902653095.1	mLutLut1.1 alternate haplotype	174900	1081484062	ERS3567211	Alternate
GCA_902655055.2	mLutLut1.2	30403456	2438442342	ERS3567211	Primary
GCA_007474575.2	mLynCan4.alt.v2	130146	1416309019	SRS18706230	Alternate
GCA_007474595.2	mLynCan4.pri.v2	7503561	2407810255	SRS18706230	Primary
GCA_043159975.1	mMacNem.hap1	40835442	3116288670	SRS22219854	Haplotype 1
GCA_043161795.1	mMacNem.hap2	31516155	2963967802	SRS22219854	Haplotype 2
GCA_033296515.1	rMacSuw1.hap1	43882550	2132261265	SRS22449079	Haplotype 1
GCA_033349115.1	rMacSuw1.hap2	28400779	1937254095	SRS22449079	Haplotype 2
GCA_030020395.1	mManPen7.hap1	25547713	2840164579	SRS22398101	Haplotype 1
GCA_030020945.1	mManPen7.hap2	31222426	2869287698	SRS22398101	Haplotype 2
GCA_963455335.1	mMarMar1.1	1599794	2484633589	ERS11871578	Primary
GCA_963455355.1	mMarMar1.1 alternate haplotype	303625	1299057665	ERS11871578	Alternate
GCA_900324485.3	fMasArm1.3	8014513	591935101	ERS2227367	Primary
GCA_900324485.2	fMasArm1.2	8014513	591935101	ERS2227367	Primary
GCA_900700395.1	fMasArm1.2 alternate haplotype	33448	43703874	ERS2227367	Alternate
GCA_949748355.1	fMelGel1.1	1934223	661958652	ERS10422449	Primary
GCA_949748265.1	fMelGel1.1 alternate haplotype	577593	629798166	ERS10422449	Alternate
GCA_017639745.1	fMelBoe1.pri	9299978	865575964	SRS18698840	Primary
GCA_017639755.1	fMelBoe1.alt	411984	764404102	SRS18698840	Alternate
GCA_922984935.2	mMelMel3.2 paternal haplotype	75210923	2738678004	ERS5280876	Paternal
GCA_922984935.1	mMelMel3.1 paternal haplotype	75210923	2738678004	ERS5280876	Paternal
GCA_922990625.1	mMelMel3.1 maternal haplotype uncurated	65751393	2692729365	ERS5280876	Maternal
GCA_012275265.1	bMelUnd1.mat	16111685	1169393027	SRS18688280	Maternal
GCA_012275275.1	bMelUnd1.pat	12472009	1124753724	SRS18688280	Paternal
GCA_012275295.1	bMelUnd1.mat.Z	16636420	1171617451	SRS18688280	Maternal
GCA_035770615.1	bMelMel2.pri	19453098	1541245192	SRS22403630	Primary
GCA_035771015.1	bMelMel2.alt	3809853	1356105093	SRS22403630	Alternate
GCA_036873955.1	bMerOct1.hap1	10800487	1245774584	SRS22164953	Haplotype 1
GCA_036850655.1	bMerOct1.hap2	10490917	1213885900	SRS22164953	Haplotype 2
GCA_009819585.1	bMerNub1.alt	1966515	1122486764	SRS18687383	Alternate
GCA_009819595.1	bMerNub1.pri	12372304	1149337515	SRS18687383	Primary
GCA_964148845.1	mMesBid2.hap2.1	3262972	2732770104	ERS14275043	Haplotype 2
GCA_964165515.1	mMesBid2.hap1.1	3140665	2999082157	ERS14275043	Haplotype 1
GCA_025094165.1	mMesDen1 alternate haplotype	1393376	2376281363	SRS18782499	Alternate
GCA_025265405.1	mMesDen1 primary haplotype	48253041	2683375131	SRS18782499	Primary
GCA_901765095.2	aMicUni1.2	3661507	4685923413	ERS3615885	Primary
GCA_901765095.1	aMicUni1.1	3661507	4685923413	ERS3615885	Primary
GCA_901765105.1	aMicUni1.1 alternate haplotype	245207	3698322623	ERS3615885	Alternate
GCA_963457635.1	fMicVar1.1	2444644	724676885	ERS9816453	Primary
GCA_963457655.1	fMicVar1.1 alternate haplotype	789758	697398261	ERS9816453	Alternate
GCA_964030765.1	fMicPou1.1	238748	520620001	ERS13551588	Primary
GCA_964030755.1	fMicPou1.1 alternate haplotype	118878	984462869	ERS13551588	Alternate
GCA_963924665.1	mMicMin1.1	1835000	2651771171	ERS14578091	Primary
GCA_963924645.1	mMicMin1.1 alternate haplotype	505805	476356972	ERS14578091	Alternate
GCA_964266715.1	fMicKit1.1	2288625	752315288	ERS16287865	Primary
GCA_964266705.1	fMicKit1.1 alternate haplotype	622647	928207996	ERS16287865	Alternate
GCA_037038515.1	mMicPen1.hap1	47175454	2369119668	SRS21630863	Haplotype 1
GCA_037039175.1	mMicPen1.hap2	63584353	2156400253	SRS21630863	Haplotype 2
GCA_964146895.1	mMinSch1.hap1.1	2292542	1852111220	ERS15963623	Haplotype 1
GCA_964145185.1	mMinSch1.hap2.1	2346505	1693881420	ERS15963623	Haplotype 2
GCA_038048845.1	aMixFle1.hap1	4050021	2969628263	SRS22092194	Haplotype 1
GCA_038048865.1	aMixFle1.hap2	4482390	2876209288	SRS22092194	Haplotype 2
GCA_037176705.1	mMolAlv2.hap2	69284146	2504806577	SRS21073825	Haplotype 2
GCA_037157525.1	mMolAlv2.hap1	63410948	2478667944	SRS21073825	Haplotype 1
GCA_014108415.1	mMolMol1.p	22174888	2315568481	SRS6620782	Primary
GCA_039880945.1	mMolNig1.hap1	74731956	2567086694	SRS21532263	Haplotype 1
GCA_026936385.1	BBF_mMolNig1_v1	21886250	2407891554	SRS16576957	Primary
GCA_039880925.1	mMolNig1.hap2	73223485	2394902263	SRS21532263	Haplotype 2
GCA_031468815.1	bMorBas2.hap2	10178591	1294787636	SRS22260196	Haplotype 2
GCA_031468805.1	bMorBas2.hap1	9126423	1381630140	SRS22260196	Haplotype 1
GCA_963930625.1	mMunRee1.1	5780196	2656168540	ERS12788531	Primary
GCA_963930665.1	mMunRee1.1 alternate haplotype	1272465	2863788737	ERS12788531	Alternate
GCA_949316305.1	mMusMuc1.1 alternate haplotype	256003	114758919	ERS14362110	Alternate
GCA_949316315.1	mMusMuc1.1	39533248	2770952436	ERS14362110	Primary
GCA_963383645.1	mMusAve1.1	2432660	2497503975	ERS12279460	Primary
GCA_963383665.1	mMusAve1.1 alternate haplotype	40227	1187222402	ERS12279460	Alternate
GCA_009829155.1	mMusErm1.Pri	36329944	2445200799	SRS18703510	Primary
GCA_009829165.1	mMusErm1.alt	1000018	1640216494	SRS18703510	Alternate
GCA_030435785.1	mMusLut2.alt	245415	1786977177	SRS22342674	Alternate
GCA_030435805.1	mMusLut2.pri	83356672	2586268927	SRS22342674	Primary
GCA_964213995.1	sMusAst1.hap1.1	1197343	3679774521	ERS16287863	Haplotype 1
GCA_964214025.1	sMusAst1.hap2.1	1258905	3476679425	ERS16287863	Haplotype 2
GCA_963242275.1	mMyoDau2.1 alternate haplotype	975345	1938252784	ERS7599811	Alternate
GCA_963259705.1	mMyoDau2.1	3062752	2127807131	ERS7599811	Primary
GCA_014108235.1	mMyoMyo1.p	12511134	2002780556	SRS6571162	Primary
GCA_964094495.2	mMyoMys1.hap1.1	2201046	2081182114	ERS16237808	Haplotype 1
GCA_964195625.1	mMyoMys1.hap2.1	2254345	1943289057	ERS16237808	Haplotype 2
GCA_964212035.1	mMyoNat1.hap1.1	2065327	2124004339	ERS16977523	Haplotype 1
GCA_964212025.1	mMyoNat1.hap2.1	2100158	1930603033	ERS16977523	Haplotype 2
GCA_902148815.1	fMyrMur1.1 alternate haplotype	612296	819084930	ERS3701071	Alternate
GCA_902150065.1	fMyrMur1.1	14475636	835254674	ERS3701071	Primary
GCA_964187825.1	kmMyxGlut1.1 alternate haplotype	187206	2754027477	ERS10395566	Alternate
GCA_964187855.1	kmMyxGlut1.1	739991	3057504053	ERS10395566	Primary
GCA_963921795.1	fNanAch1.1	1305851	1658830932	ERS10422389	Primary
GCA_963921835.1	fNanAch1.1 alternate haplotype	329860	1620255849	ERS10422389	Alternate
GCA_963989245.1	fNanAnt1.1	750607	1085777971	ERS6428378	Primary
GCA_963989255.1	fNanAnt1.1 alternate haplotype	237178	1005279045	ERS6428378	Alternate
GCA_036971175.1	sNarBan1.hap2	5005593	3110263114	SRS21399688	Haplotype 2
GCA_036971445.1	sNarBan1.hap1	5195315	3328432768	SRS21399688	Haplotype 1
GCA_964273705.1	rNatHel1.hap1.1	1870695	1777495310	ERS16789442	Haplotype 1
GCA_964273795.1	rNatHel1.hap2.1	1998865	1513526581	ERS16789442	Haplotype 2
GCA_027579695.1	fNeoGra1.pri	14859289	2341916362	SRS19335848	Primary
GCA_027579805.1	fNeoGra1.alt	781597	2195086485	SRS19335848	Alternate
GCA_964106205.1	mNeoVis2.hap2.1	1455681	2662777898	ERS14578175	Haplotype 2
GCA_964106545.1	mNeoVis2.hap1.1	1439238	2697130894	ERS14578175	Haplotype 1
GCA_963082525.1	bNesMay2.1	4840756	1183254979	ERS10521306	Primary
GCA_963082445.1	bNesMay2.1 alternate haplotype	1847256	867500292	ERS10521306	Alternate
GCA_964035555.1	bNetRuf1.1	3347974	1166961997	ERS14578173	Primary
GCA_964035535.1	bNetRuf1.1 alternate haplotype	1084822	968137862	ERS14578173	Alternate
GCA_009762535.1	fNotCel1.pri	3748462	846744125	SRS18698475	Primary
GCA_009762545.1	fNotCel1.alt	572529	770553912	SRS18698475	Alternate
GCA_963971535.1	fNotCoa1.1	444000	3427786127	ERS6428379	Primary
GCA_963971485.1	fNotCoa1.1 alternate haplotype	146774	3043131496	ERS6428379	Alternate
GCA_949606895.1	fNotRos5.1	383412	1042884354	ERS10422398	Primary
GCA_949606865.1	fNotRos5.1 alternate haplotype	198888	1005523998	ERS10422398	Alternate
GCA_964106895.1	bNumArq3.hap1.1	2605715	1348859203	ERS14691552	Haplotype 1
GCA_964059295.1	bNumArq3.hap2.1	2824112	1198356613	ERS14691552	Haplotype 2
GCA_964264875.1	mNycLei1.hap1.1	1871731	2233515117	ERS16237809	Haplotype 1
GCA_964264895.1	mNycLei1.hap2.1	1846178	2011002017	ERS16237809	Haplotype 2
GCA_013368595.1	bNycGra1.alt	2458434	1041284291	SRS18671020	Alternate
GCA_013368605.1	bNycGra1.pri	23231768	1256393467	SRS18671020	Primary
GCA_030435715.1	mOchPri1.hap2	11313716	2534779560	SRS22399813	Haplotype 2
GCA_030435755.1	mOchPri1.hap1	12191025	2555444530	SRS22399813	Haplotype 1
GCA_903995425.1	mOncTor1.1	2276141	2468394440	ERS1793707	Primary
GCA_030867145.1	bOpiHoa1.hap1	14274197	1482459898	SRS22270863	Haplotype 1
GCA_030867165.1	bOpiHoa1.hap2	13957079	1355639139	SRS22270863	Haplotype 2
GCA_937001455.1	mOrcOrc1.1 alternate haplotype	374481	1882900201	ERS6484570	Alternate
GCA_937001465.1	mOrcOrc1.1	45583382	2647335075	ERS6484570	Primary
GCA_004115175.2	mOrnAna1.alt.v3	882175	1575252831	SRS2980060	Alternate
GCA_004115215.4	mOrnAna1.pri.v4	15146802	1859264908	SRS2980060	Primary
GCA_964237555.1	mOryCun1.1	2030165	2804657419	ERS14578086	Primary
GCA_964237575.1	mOryCun1.1 alternate haplotype	396164	1513142213	ERS14578086	Alternate
GCA_963692335.1	fOsmEpe2.1	396237	508721272	ERS12067605	Primary
GCA_963692645.1	fOsmEpe2.1 alternate haplotype	109201	420609216	ERS12067605	Alternate
GCA_038355195.1	fOsmMor3.pri	607895	497673479	SRS22162649	Primary
GCA_038355625.1	fOsmMor3.standard.alt	68327	420089129	SRS22162649	Alternate
GCA_027358585.1	fPanHyp1.pri	13007371	764974446	SRS18698971	Primary
GCA_027382375.1	fPanHyp1.alt	449892	738869872	SRS18698971	Alternate
GCA_900634625.2	fParRan2.2	5080925	551012959	ERS3116761	Primary
GCA_900634625.1	fParRan2.1	5080925	551012959	ERS3116761	Primary
GCA_900651595.1	fParRan2.1 alternate haplotype	409592	486545135	ERS3116761	Alternate
GCA_031885435.1	bPasSan2.pri	19816254	1270923488	SRS22419235	Primary
GCA_031876245.1	bPasSan2.alt	3913016	1133770116	SRS22419235	Alternate
GCA_036971685.1	bPatFas1.hap2	17514312	1410041145	SRS22271563	Haplotype 2
GCA_037038585.1	bPatFas1.hap1	18036418	1194961845	SRS22271563	Haplotype 1
GCA_042242105.1	fPemKlu1.hap1	12920725	646252061	SRS21011562	Haplotype 1
GCA_042242125.1	fPemKlu1.hap2	12927725	632781980	SRS21011562	Haplotype 2
GCA_009829125.3	fPerMag1.2.pri	2301275	752605561	SRS18698677	Primary
GCA_009829135.1	fPerMag1.alt	469974	698977026	SRS18698677	Alternate
GCA_010993595.1	kPetMar1.alt	397345	841632067	SRS18698474	Alternate
GCA_010993605.1	kPetMar1.pri	2540784	1089034212	SRS18698474	Primary
GCA_023637945.1	DD_ASM_B1	35194150	1020112811	SRS11194276	Primary
GCA_023637925.1	DD_ASM_B1a	18938575	1014956223	SRS11194276	Primary
GCA_949628215.1	bGulAri2.1	11420000	1279116138	ERS7737816	Primary
GCA_949628205.1	bGulAri2.1 alternate haplotype	191789	1080507657	ERS7737816	Alternate
GCA_963921805.1	bPhaCar2.1	4631399	1283623959	ERS5915261	Primary
GCA_963921815.1	bPhaCar2.1 alternate haplotype	1260484	1164897548	ERS5915261	Alternate
GCA_963924675.1	mPhoPho1.1	3726689	2512713112	ERS13477516	Primary
GCA_963924725.1	mPhoPho1.1 alternate haplotype	1056847	2673589998	ERS13477516	Alternate
GCA_008692025.1	mPhoSin1.pri	20218762	2371524154	SRS6121272	Primary
GCA_008692045.1	mPhoSin1.alt	137866	995426950	SRS6121272	Alternate
GCA_009819775.1	bPhoRub2.pri	14700712	1246226932	SRS18671885	Primary
GCA_009819805.1	bPhoRub2.alt	1417567	1167509893	SRS18671885	Alternate
GCA_020510985.1	fPhoLeu1.pri	5867598	6032307556	SRS18698910	Primary
GCA_020510965.1	fPhoLeu1.alt	134817	1865716438	SRS18698910	Alternate
GCA_910591455.2	fPhoGun1.2	3519450	588680419	ERS5279316	Primary
GCA_910591705.2	fPhoGun1.2 alternate haplotype	640680	590303236	ERS5279316	Alternate
GCA_949152265.1	fPhoPho1.1	1988965	950479694	ERS8946098	Primary
GCA_949152275.1	fPhoPho1.1 alternate haplotype	360429	925610136	ERS8946098	Alternate
GCA_004115245.2	mPhyDis1.alti.v3	931872	2051656167	SRS18701225	Alternate
GCA_004126475.3	mPhyDis1.pri.v3	6892556	2108832841	SRS18701225	Primary
GCA_014108245.1	mPipKuh1.p	10591995	1775688541	SRS6618859	Primary
GCA_903992545.1	mPipPip1.1	4446752	1763422308	ERS3567200	Primary
GCA_903992515.1	mPipPip1.1 alternate haplotype	229984	1579816813	ERS3567200	Alternate
GCA_949987585.1	mPipPyg2.1	54047000	1895108501	ERS7599812	Primary
GCA_949987765.1	mPipPyg2.1 alternate haplotype	1550995	1764844953	ERS7599812	Alternate
GCA_949316195.1	fPlaFle2.1 alternate haplotype	742482	587918088	ERS12067606	Alternate
GCA_949316205.1	fPlaFle2.1	2078972	597120941	ERS12067606	Primary
GCA_963455305.1	mPleAur1.1	2948753	2163204650	ERS12158242	Primary
GCA_963455325.1	mPleAur1.1 alternate haplotype	1121204	2094237481	ERS12158242	Alternate
GCA_947347685.1	fPlePla1.1	1477112	687388084	ERS11453913	Primary
GCA_947347695.1	fPlePla1.1 alternate haplotype	471168	613421917	ERS11453913	Alternate
GCA_017639485.1	bPluApr1.pri	15203797	1247746888	SRS18688324	Primary
GCA_017639475.1	bPluApr1.alt	2329139	1085787090	SRS18688324	Alternate
GCA_964188305.1	rPodBoc1.hap1.1	2681335	1615189422	ERS18334572	Haplotype 1
GCA_964188325.1	rPodBoc1.hap2.1	2843701	1473581329	ERS18334572	Haplotype 2
GCA_951804945.1	rPodCre2.1	65743000	1507609967	ERS9756853	Primary
GCA_951804955.1	rPodCre2.1 alternate haplotype	2337560	1372769884	ERS9756853	Alternate
GCA_964252035.1	rPodErh1.hap1.1	3226442	1495977497	ERS18334574	Haplotype 1
GCA_964251985.1	rPodErh1.hap2.1	3027117	1477748000	ERS18334574	Haplotype 2
GCA_964270895.1	rPodFil1.hap1.1	3042058	1506948896	ERS15398495	Haplotype 1
GCA_964270875.1	rPodFil1.hap2.1	3222728	1404018672	ERS15398495	Haplotype 2
GCA_964106915.2	rPodGai1.hap1.2	2858450	1514623329	ERS16199537	Haplotype 1
GCA_964106785.1	rPodGai1.hap2.1	3102815	1422314362	ERS16199537	Haplotype 2
GCA_964234825.1	rPodMel1.hap2.1	3107267	1437044901	ERS18334578	Haplotype 2
GCA_964234715.1	rPodMel1.hap1.1	3027832	1574905529	ERS18334578	Haplotype 1
GCA_964188315.1	rPodMur119.hap1.1	3229453	1522624192	ERS18334579	Haplotype 1
GCA_964188365.1	rPodMur119.hap2.1	3330575	1433931530	ERS18334579	Haplotype 2
GCA_964106635.2	rPodPit1.hap2.2	1719006	1417079496	ERS16199538	Haplotype 2
GCA_964106645.2	rPodPit1.hap1.2	1611619	1515356318	ERS16199538	Haplotype 1
GCA_027172095.1	rPodRaf1.alt	38366	182031793	SRS16702801	Alternate
GCA_027172205.1	rPodRaf1.pri	61439401	1513131503	SRS16702801	Primary
GCA_964188175.1	rPodSic1.hap1.1	3060007	1571364497	ERS18334577	Haplotype 1
GCA_964188395.1	rPodSic1.hap2.1	3344999	1455930776	ERS18334577	Haplotype 2
GCA_015220175.1	bPogPus1.alt	647387	1101771457	SRS18706227	Alternate
GCA_015220805.1	bPogPus1.pri	16792259	1272338968	SRS18706227	Primary
GCA_949987615.1	fPolPol2.1	606672	606750899	ERS13671894	Primary
GCA_949987605.1	fPolPol2.1 alternate haplotype	249476	591893695	ERS13671894	Alternate
GCA_020800305.1	bPorHoc1.mat.Z.cur	13461271	1270277365	SRS18622764	Maternal
GCA_020801775.1	bPorHoc1.pat.decon	13731557	1245128614	SRS18622764	Paternal
GCA_009764475.2	sPriPec2.1.pri	17009522	2267840987	SRS18707617	Primary
GCA_009764485.1	sPriPec2.alt	261025	1694166684	SRS18707617	Alternate
GCA_963924005.1	fProBol1.1	1267060	1148206488	ERS10422391	Primary
GCA_963923985.1	fProBol1.1 alternate haplotype	228299	1340417512	ERS10422391	Alternate
GCA_964188405.1	fProPar1.1	1024588	1235309700	ERS10422397	Primary
GCA_964188415.1	fProPar1.1 alternate haplotype	309295	1013731500	ERS10422397	Alternate
GCA_028390025.1	aPseCor3.hap2	6819095	8872758793	SRS19335844	Haplotype 2
GCA_028390055.1	aPseCor3.hap1	6719918	8945609516	SRS19335844	Haplotype 1
GCA_036250125.1	bDixPip1.hap1	10447158	1165201947	SRS22400393	Haplotype 1
GCA_036250135.1	bDixPip1.hap2	11116877	1027640383	SRS22400393	Haplotype 2
GCA_039906515.1	mPseCra1.hap1	58817648	2674592094	SRS22092787	Haplotype 1
GCA_039906525.1	mPseCra1.hap2	60000724	2678530964	SRS22092787	Haplotype 2
GCA_963264785.1	bPsiEch3.1	5922112	1203813063	ERS9968507	Primary
GCA_963243765.1	bPsiEch3.1 alternate haplotype	1265185	791895490	ERS9968507	Alternate
GCA_009769505.1	bPteGut1.alt	1147717	1037717354	SRS20621690	Alternate
GCA_009769525.1	bPteGut1.pri	12131577	1127398289	SRS20621690	Primary
GCA_949316245.1	fPunPun2.1 alternate haplotype	532838	413337341	ERS8946104	Alternate
GCA_949316345.1	fPunPun2.1	1362288	480434100	ERS8946104	Primary
GCA_015220065.1	fPygNat1.alt	289653	289313524	SRS18698838	Alternate
GCA_015220715.1	fPygNat1.pri	12898870	1222050449	SRS18698838	Primary
GCA_963514005.1	sRajBra1.1	2048057	2700450552	ERS12548135	Primary
GCA_963513955.1	sRajBra1.1 alternate haplotype	525117	2597179146	ERS12548135	Alternate
GCA_905171725.1	aRanTem1.1 alternate haplotype	547939	3686210129	ERS5278114	Alternate
GCA_905171775.1	aRanTem1.1	6264810	4111422596	ERS5278114	Primary
GCA_015227675.2	mRatBN7.2	29198295	2647899415	ERS5917499	Primary
GCA_015244455.1	mRatBN7.1 alternate haplotype	100340	286931382	ERS5917499	Alternate
GCA_963969265.1	fRhaChi2.1	4163600	921167628	ERS14826389	Primary
GCA_963969275.1	fRhaChi2.1 alternate haplotype	1057080	738725802	ERS14826389	Alternate
GCA_028389875.1	bPtePen1.pri	19335416	1269000025	SRS18782494	Primary
GCA_028389885.1	bPtePen1.alt	3662187	983620806	SRS18782494	Alternate
GCA_901001135.2	aRhiBiv1.2	3216284	5319222779	ERS2699787	Primary
GCA_901001135.1	aRhiBiv1.1	3216284	5319222779	ERS2699787	Primary
GCA_901001175.1	aRhiBiv1.1 alternate haplotype	259119	4615304139	ERS2699787	Alternate
GCA_030035675.1	rRhiFlo1.hap2	18156940	2307419594	SRS19335845	Haplotype 2
GCA_030035715.1	rRhiFlo1.hap1	16490926	2321796813	SRS19335845	Haplotype 1
GCA_014108255.1	mRhiFer1.p	21749602	2072544453	SRS6649054	Primary
GCA_964194185.1	mRhiHip2.hap1.1	2014157	2171311786	ERS15963687	Haplotype 1
GCA_964194215.1	mRhiHip2.hap2.1	1922115	2240459116	ERS15963687	Haplotype 2
GCA_037306005.1	aRhiDor1.hap1	12994863	4745552136	SRS22099175	Haplotype 1
GCA_037306015.1	aRhiDor1.hap2	12716842	4535323468	SRS22099175	Haplotype 2
GCA_037038555.1	mRhyNas2.hap2	108301702	2296372838	SRS20636215	Haplotype 2
GCA_037038545.1	mRhyNas2.hap1	86271459	2455049845	SRS20636215	Haplotype 1
GCF_014176215.1	mRouAeg1.p	21999313	1893602072	SRS6645959	Primary
GCA_951802655.1	fRutRut2.1 alternate haplotype	495661	1042711183	ERS8946102	Alternate
GCA_951802725.1	fRutRut2.1	3932511	1100179043	ERS8946102	Primary
GCA_036850765.1	mSacBil1_pri_phased_curated	20156883	2612309609	SRS20814929	Primary
GCA_036850925.1	mSacBil1_alt_phased_curated	5225685	2418198563	SRS20814929	Alternate
GCA_036850995.1	mSacLep1_pri_phased_curated	17812205	2576497192	SRS20796967	Primary
GCA_036851165.1	mSacLep1_altContigs_phased	2598953	2531273945	SRS20796967	Alternate
GCA_902148835.1	fSalaFa1.1 alternate haplotype	421533	894675777	ERS3701070	Alternate
GCA_902148845.1	fSalaFa1.1	2597836	797490645	ERS3701070	Primary
GCA_030463535.1	fSalBra1.hap2	5834861	1066483687	SRS21917518	Haplotype 2
GCA_030448965.1	fSalBra1.hap1	6137245	1078246036	SRS21917518	Haplotype 1
GCA_901001165.2	fSalTru1.2	1703178	2371863509	ERS3378290	Primary
GCA_901001165.1	fSalTru1.1	1703178	2371863509	ERS3378290	Primary
GCA_037962945.1	bSarPap1.hap1	40899883	1543931415	SRS22127337	Haplotype 1
GCA_037950955.1	bSarPap1.hap2	30635722	1469241744	SRS22127337	Haplotype 2
GCA_963854175.1	fSarPil1.1 alternate haplotype	427866	935120696	ERS13672028	Alternate
GCA_963854185.1	fSarPil1.1	1117303	869396467	ERS13672028	Primary
GCA_964197995.1	fScaEry2.hap1.1	2291051	1229649543	ERS8946100	Haplotype 1
GCA_964198005.1	fScaEry2.hap2.1	2185350	1189974144	ERS8946100	Haplotype 2
GCA_020382885.1	fScaArg1.pri	17189422	570785501	SRS18698731	Primary
GCA_020382915.1	fScaArg1.alt	852965	563244951	SRS18698731	Alternate
GCA_902685475.1	mSciCar1.1 alternate haplotype	492513	2057949030	ERS3567197	Alternate
GCA_902686445.2	mSciCar1.2	13975867	2815397268	ERS3567197	Primary
GCA_902686455.2	mSciVul1.2	16333633	2878591032	SRS4362283	Primary
GCA_902685485.1	mSciVul1.1 alternate haplotype	192948	1366022868	SRS4362283	Alternate
GCA_900964775.1	fSclFor1.1	9102216	784546363	ERS3514420	Primary
GCA_900964985.2	fSclFor1.1 alternate haplotype	659444	751313211	ERS3514420	Alternate
GCA_963691925.1	fScoSco1.1	1496448	764141294	ERS12548262	Primary
GCA_963691945.1	fScoSco1.1 alternate haplotype	369227	731363837	ERS12548262	Alternate
GCA_963854745.1	fScoMax1.1	1410686	550279360	ERS12548136	Primary
GCA_963854755.1	fScoMax1.1 alternate haplotype	435753	540345941	ERS12548136	Alternate
GCA_902713615.2	sScyCan1.2	1862211	4220389930	ERS3549782	Primary
GCA_902713615.1	sScyCan1.1	1862211	4220389930	ERS3549782	Primary
GCA_902713625.2	sScyCan1.2 alternate haplotype	230697	3867000599	ERS3549782	Alternate
GCA_043250625.1	fSebFas1.pri	7769413	833835073	SRS23022192	Primary
GCA_043250585.1	fSebFas1.alt	120385	834216046	SRS23022192	Alternate
GCA_950288535.1	FD01874743	25654	4441955	ERS12564850	Primary
GCA_946808225.1	fSilAri3.1	4577990	800101988	ERS10201766	Primary
GCA_946807865.1	fSilAri3.1 alternate haplotype	174842	713076206	ERS10201766	Alternate
GCA_958295035.1	fSolSol10.1 alternate haplotype	1111752	627818797	ERS8634460	Alternate
GCA_958295425.1	fSolSol10.1	2587297	643757955	ERS8634460	Primary
GCA_027595985.1	mSorAra2.pri	4024507	2405993548	SRS18707622	Primary
GCA_027595995.1	mSorAra2.alt	936572	2319662114	SRS18707622	Alternate
GCA_900880675.2	fSpaAur1.2	2862625	833578411	ERS2227382	Primary
GCA_900880675.1	fSpaAur1.1	2862625	833578411	ERS2227382	Primary
GCA_900880695.1	fSpaAur1.1 alternate haplotype	152708	668417842	ERS2227382	Alternate
GCA_964194105.1	mSpeCit3.1	3445081	3090032603	ERS7987503	Primary
GCA_964194095.1	mSpeCit3.1 alternate haplotype	228734	2268893178	ERS7987503	Alternate
GCA_902148825.1	fSphaOr1.1 alternate haplotype	246057	1135435641	ERS3701069	Alternate
GCA_902148855.1	fSphaOr1.1	2360121	1342662642	ERS3701069	Primary
GCA_963457725.1	fSprSpr1.1	1216682	840315637	ERS13672029	Primary
GCA_963457685.1	fSprSpr1.1 alternate haplotype	404098	803136922	ERS13672029	Alternate
GCA_949319135.1	fSquCep2.1	3040692	1101913912	ERS8946106	Primary
GCA_949319155.1	fSquCep2.1 alternate haplotype	293863	979250430	ERS8946106	Alternate
GCA_951394435.1	mSteCoe1.1	3590204	2691406842	ERS13477519	Primary
GCA_951394445.1	mSteCoe1.1 alternate haplotype	2186058	2485529352	ERS13477519	Alternate
GCA_009819605.1	bSteHir1.pri	22002498	1229953488	SRS20361218	Primary
GCA_009819645.1	bSteHir1.alt	5650192	1175438911	SRS20361218	Alternate
GCA_964273445.1	bStrDea1.hap1.1	2425281	1290939990	ERS15394111	Haplotype 1
GCA_964273585.1	bStrDea1.hap2.1	2790637	1200501445	ERS15394111	Haplotype 2
GCA_901699155.2	bStrTur1.2	3790373	1178816852	ERS3171745	Primary
GCA_901699165.2	bStrTur1.2 alternate haplotype	776317	1035330184	ERS3171745	Alternate
GCA_004011185.1	bStrHab1_v1.h	153928	285706558	SRS18622706	Primary
GCA_004027225.2	bStrHab1.2.pri	9454087	1148597545	SRS18622706	Primary
GCA_031877785.1	bStrAlu1.hap2	13783470	1219048950	SRS22332403	Haplotype 2
GCA_031877795.1	bStrAlu1.hap1	11872084	1414783145	SRS22332403	Haplotype 1
GCA_040807015.1	bStrCam1.hap2	28538747	1383056266	SRS22089914	Haplotype 2
GCA_040807025.1	bStrCam1.hap1	28829471	1452018929	SRS22089914	Haplotype 1
GCA_024139225.1	mSunEtr1.pri.cur	5042816	2471666657	SRS18706229	Primary
GCA_024140225.1	mSunEtr1.alt.cur	140198	1515382512	SRS18706229	Alternate
GCA_009819655.1	bSylAtr1.pri	7345957	1066786587	SRS18623166	Primary
GCA_009819715.1	bSylAtr1.alt	1545467	991486332	SRS18623166	Alternate
GCA_014839755.1	bSylBor1.pri	31914676	1045652180	SRS20361228	Primary
GCA_014839765.1	bSylBor1.alt	4687358	1032649170	SRS20361228	Alternate
GCA_901709675.2	fSynAcu1.2	11959915	324331233	ERS3583638	Primary
GCA_901709685.1	fSynAcu1.1 alternate haplotype	169498	234858432	ERS3583638	Alternate
GCA_948146095.1	fSynAcu2.1 alternate haplotype	106986	334243819	ERS11455049	Alternate
GCA_948146105.1	fSynAcu2.1	4933801	359199823	ERS11455049	Primary
GCA_003957525.2	bTaeGut1.4.alt	3559028	887567949	SRS1954332	Alternate
GCA_003957565.4	bTaeGut1.4.pri	8964551	1056254409	SRS1954332	Primary
GCA_008822105.2	bTaeGut2.pat.W.v2	4378277	1068971253	SRS18699827	Paternal
GCA_008822115.3	bTaeGut2.mat.v3	5533763	995935930	SRS18699827	Maternal
GCA_008822125.1	bTaeGut2pat	4443179	1047569904	SRS18699827	Paternal
GCA_009859025.1	bTaeGut2.p.v1.alt	1021454	947919714	SRS18699827	Alternate
GCA_009859065.2	bTaeGut2.pri.v2	4023669	1106280703	SRS18699827	Primary
GCA_901000725.3	fTakRub1.3	3136617	384110215	ERS3500634	Primary
GCA_901000725.2	fTakRub1.2	3136617	384110215	ERS3500634	Primary
GCA_901000745.3	fTakRub1.2 alternate haplotype	266405	350016965	ERS3500634	Alternate
GCA_964194135.1	mTalEur1.hap1.1	3421604	2060984045	ERS14578176	Haplotype 1
GCA_964194205.1	mTalEur1.hap2.1	3507589	2056471431	ERS14578176	Haplotype 2
GCA_031878705.1	mTapInd1.hap2	56553937	2477428682	SRS22259025	Haplotype 2
GCA_031878655.1	mTapInd1.hap1	52012120	2498393425	SRS22259025	Haplotype 1
GCA_009764505.1	bTauEry1.alt	1233539	1084112861	SRS18622707	Alternate
GCA_009769465.1	bTauEry1.pri	11927027	1252271553	SRS18622707	Primary
GCA_910589615.1	fTauBub2.1	13037006	615137073	ERS5279471	Primary
GCA_910589325.1	fTauBub2.1 alternate haplotype	883972	614755631	ERS5279471	Alternate
GCA_020745685.1	fTauAds1.pri.cur	7919333	723565691	SRS18705600	Primary
GCA_020745675.1	fTauAds1.alt.cur	992536	695716069	SRS18705600	Alternate
GCA_933228915.1	fTelBon1.1	1254875	986023149	ERS6277265	Primary
GCA_933228925.1	fTelBon1.1 alternate haplotype	323021	781234592	ERS6277265	Alternate
GCA_951394365.1	bTetUro1.1	1909808	1013167347	ERS7378263	Primary
GCA_951394355.1	bTetUro1.1 alternate haplotype	341259	853786400	ERS7378263	Alternate
GCA_902500245.1	fThaAma1.1 alternate haplotype	119171	1767810094	ERS3583622	Alternate
GCA_902500255.1	fThaAma1.1	2329598	2446592878	ERS3583622	Primary
GCA_009769535.1	rThaEle1.pri	4620601	1672190305	SRS18703584	Primary
GCA_009769695.1	rThaEle1.alt	432811	1814330211	SRS18703584	Alternate
GCA_020745775.1	bTheCae1.pri.cur	37098842	1203353649	SRS18625225	Primary
GCA_020745805.1	bTheCae1.alt.cur	4660171	1041135290	SRS18625225	Alternate
GCA_031878665.1	mThoBot2.hap2	6183328	1879249320	SRS22331154	Haplotype 2
GCA_031878675.1	mThoBot2.hap1	5921125	2025633870	SRS22331154	Haplotype 1
GCA_914725855.2	fThuAlb1.2	26795544	792117861	ERS6339300	Primary
GCA_914725855.1	fThuAlb1.1	26795544	792101331	ERS6339300	Primary
GCA_914744365.2	fThuAlb1.2 alternate haplotype	4118720	786643039	ERS6339300	Alternate
GCA_910596085.1	fThuMac1.1 alternate haplotype	2439055	782574410	ERS6339298	Alternate
GCA_910596095.1	fThuMac1.1	26803536	782407452	ERS6339298	Primary
GCA_963924655.1	fThuThy2.1 alternate haplotype	773247	806472619	ERS13500209	Alternate
GCA_963924715.1	fThuThy2.1	2956553	799047066	ERS13500209	Primary
GCA_035046495.1	rTilSci1.hap1	38979350	1694434935	SRS19335846	Haplotype 1
GCA_035046505.1	rTilSci1.hap2	33113817	1623332312	SRS19335846	Haplotype 2
GCA_017976295.1	fToxJac2.alt	493489	594660453	SRS18698973	Alternate
GCA_017976425.1	fToxJac2.pri	15555772	621503431	SRS18698973	Primary
GCA_905171665.2	fTraTra1.2	6490592	801227381	ERS5280872	Primary
GCA_905171655.2	fTraTra1.2 alternate haplotype	1575933	797027743	ERS5280872	Alternate
GCA_030014385.1	fTriRos1.hap1	13074164	1045025885	SRS19335847	Haplotype 1
GCA_030015355.1	fTriRos1.hap2	8272383	996754446	SRS19335847	Haplotype 2
GCA_011100635.1	mTriVul1.pri	4314688	3359330516	SRS6502248	Primary
GCA_011100645.1	mTriVul1.alt	551016	2591928569	SRS6502248	Alternate
GCA_964204655.1	aTriCri1.1	8497210	22324616549	ERS14578178	Primary
GCA_964204665.1	aTriCri1.1 alternate haplotype	72982	11940595809	ERS14578178	Alternate
GCA_020746105.1	bTroSur1.pri.cur	16237294	1165727389	SRS18622751	Primary
GCA_020746095.1	bTroSur1.alt.cur	1472883	997329498	SRS18622751	Alternate
GCA_011762515.1	mTurTru1.pat	12444576	2378995196	SRS18707787	Paternal
GCA_011762535.1	mTurTru1.mat	9995053	2385753970	SRS18707787	Maternal
GCA_011762595.1	mTurTru1.mat.Y	9729386	2378505825	SRS18707787	Maternal
GCA_963924515.1	mVesMur1.1	3319810	1925560838	ERS14358292	Primary
GCA_963924695.1	mVesMur1.1 alternate haplotype	1054976	1921745703	ERS14358292	Alternate
GCA_026979555.1	bVidCha1 purged dups haplotype	88130	154870056	SRS5172551	Primary
GCA_026979565.1	bVidCha1 merged haplotype	15819291	1080440577	SRS5172551	Primary
GCA_964194415.1	rVipBer3.hap1.1	4688414	1694999861	ERS16282775	Haplotype 1
GCA_964194405.1	rVipBer3.hap2.1	4761684	1476666783	ERS16282775	Haplotype 2
GCA_024294585.1	rVipLat1.pri	44839567	1631568913	SRS18388105	Primary
GCA_024294605.1	rVipLat1.alt	560665	1549880332	SRS18388105	Alternate
GCA_947247035.1	rVipUrs1.1	2137891	1625006165	ERS10439183	Primary
GCA_947247025.1	rVipUrs1.1 alternate haplotype	216874	1180062022	ERS10439183	Alternate
GCA_964106825.2	mVulVul1.hap1.2	2040520	2411710590	ERS15393989	Haplotype 1
GCA_964106925.2	mVulVul1.hap2.2	2052204	2398532178	ERS15393989	Haplotype 2
GCA_014839995.1	fXenCan1.pri	2195850	736198484	SRS18698839	Primary
GCA_014839645.1	fXenCan1.alt	211426	658557970	SRS18698839	Alternate
GCA_038501925.1	aXenPet1.paternal.cur	15294995	2883778474	SRS22177699	Paternal
GCA_038501915.1	aXenPet1.maternal.cur	8630839	2613116200	SRS22177699	Maternal
GCA_009762295.2	mZalCal1.alt.v2	1316871	1970935876	SRS18702569	Alternate
GCA_009762305.2	mZalCal1.pri.v2	32626160	2409668595	SRS18702569	Primary
GCA_960531495.1	fZeuFab8.1	1449431	804715226	ERS13672012	Primary
GCA_960530785.1	fZeuFab8.1 alternate haplotype	331067	809816570	ERS13672012	Alternate
GCA_963506595.1	rZooViv1.1 alternate haplotype	324996	1221338756	ERS13638643	Alternate
GCA_963506605.1	rZooViv1.1	3447840	1440239386	ERS13638643	Primary
